問題番号,完了日,最終評価,備考
1,2026-01-31,×,
2,2026-01-31,×,
3,2026-01-31,×,
4,2026-01-31,×,
5,2026-01-31,×,
6,2026-01-31,×,
7,2026-01-31,×,
8,2026-01-31,×,
9,2026-01-31,×,
10,2026-01-31,×,
11,2026-01-31,×,
12,2026-01-31,×,
13,2026-01-31,×,
14,2026-01-31,×,
15,2026-01-31,×,
16,2026-01-31,×,
17,2026-01-31,×,
18,2026-01-31,×,
19,2026-01-31,×,
20,2026-01-31,×,
21,2026-01-31,×,
22,2026-01-31,×,
23,2026-01-31,×,
24,2026-01-31,×,
25,2026-01-31,×,
26,2026-01-31,×,
27,2026-01-31,×,
28,2026-01-31,×,
29,2026-01-31,×,
30,2026-01-31,×,
31,2026-01-31,×,
32,2026-01-31,×,
33,2026-01-31,×,
34,2026-01-31,×,
35,2026-01-31,×,
36,2026-01-31,×,
37,2026-01-31,×,
38,2026-01-31,×,
39,2026-01-31,×,
40,2026-01-31,×,
41,2026-01-31,△,
42,2026-01-31,×,
43,2026-01-31,×,
44,2026-01-31,×,
45,2026-01-31,×,
46,2026-01-31,×,
47,2026-01-31,×,
48,2026-01-31,×,
49,2026-01-31,×,
50,2026-01-31,△,
51,2026-01-31,×,
52,2026-01-31,△,
53,2026-01-31,△,
54,2026-01-31,△,
55,2026-01-31,×,
56,2026-01-31,×,
57,2026-01-31,△,
58,2026-01-31,×,
59,2026-01-31,△,
60,2026-01-31,×,
61,2026-01-31,×,
62,2026-01-31,×,
63,2026-01-31,△,
64,2026-01-31,△,
65,2026-01-31,△,
66,2026-01-31,△,
67,2026-01-31,×,
68,2026-01-31,△,
69,2026-01-31,△,
70,2026-01-31,×,
71,2026-01-31,△,
72,2026-01-31,×,
73,2026-01-31,×,
74,2026-01-31,△,
75,2026-01-31,△,
76,2026-01-31,×,
77,2026-01-31,△,
78,2026-01-31,×,
79,2026-01-31,×,
80,2026-01-31,×,
81,2026-01-31,×,
82,2026-01-31,△,
83,2026-01-31,×,
84,2026-01-31,×,
85,2026-01-31,△,
86,2026-01-31,△,
87,2026-01-31,△,
88,2026-01-31,×,
89,2026-01-31,△,
90,2026-01-31,△,
91,2026-01-31,△,
92,2026-01-31,×,
93,2026-01-31,×,
94,2026-01-31,×,
95,2026-01-31,×,
96,2026-01-31,×,
97,2026-01-31,×,
98,2026-01-31,×,
99,2026-01-31,×,
100,2026-01-31,×,
101,2026-01-31,△,
102,2026-01-31,△,
103,2026-01-31,×,
104,2026-01-31,△,
105,2026-01-31,×,
106,2026-01-31,×,
107,2026-01-31,×,
108,2026-01-31,×,
109,2026-01-31,×,
110,2026-01-31,×,
111,2026-01-31,×,
112,2026-01-31,×,
113,2026-01-31,×,
114,2026-01-31,×,
115,2026-01-31,×,
116,2026-01-31,×,
117,2026-01-31,×,
118,2026-01-31,×,
119,2026-01-31,×,
120,2026-01-31,×,
121,2026-01-31,×,
122,2026-01-31,×,
123,2026-01-31,×,
124,2026-01-31,×,
125,2026-01-31,×,
126,2026-01-31,×,
127,2026-01-31,×,
128,2026-01-31,×,
129,2026-01-31,△,
130,2026-01-31,×,
131,2026-01-31,×,
132,2026-01-31,×,
133,2026-01-31,×,
134,2026-01-31,△,
135,2026-01-31,×,
136,2026-02-01,△,
137,2026-02-01,×,
138,2026-02-01,△,
139,2026-02-01,×,
140,2026-02-02,×,
141,2026-02-02,△,
142,2026-02-04,×,
143,2026-02-04,×,
144,2026-02-04,×,
145,2026-02-05,△,
146,2026-02-05,△,
147,2026-02-07,△,
148,2026-02-07,△,
149,2026-02-07,×,
150,2026-02-10,×,
151,2026-02-11,×,
152,2026-02-11,×,
153,2026-02-11,△,
154,2026-02-11,×,
155,2026-02-12,×,
156,2026-02-13,×,
157,2026-02-14,×,
158,2026-02-14,×,
159,2026-02-19,×,
160,2026-02-19,×,
161,2026-02-19,×,
162,2026-02-19,×,
163,2026-02-19,×,
164,2026-02-19,×,
165,2026-02-20,×,
166,2026-02-20,×,
167,2026-02-21,×,
168,2026-02-21,×,
169,2026-02-22,×,
170,2026-02-22,×,
171,2026-02-22,△,
172,2026-02-22,△,
173,2026-02-22,△,
174,2026-02-24,×,
175,2026-02-24,△,
176,2026-02-25,×,
177,2026-02-25,△,
178,2026-02-25,×,
179,2026-02-26,△,
180,2026-02-26,△,
181,2026-02-27,×,
182,2026-02-27,△,
183,2026-03-05,×,
184,2026-03-05,×,
185,2026-03-05,×,
186,2026-03-05,×,
187,2026-03-05,×,
188,2026-03-05,×,
189,2026-03-05,△,
190,2026-03-06,△,
191,2026-03-06,×,
192,2026-03-06,×,
193,2026-03-06,△,
194,2026-03-06,△,
195,2026-03-08,×,
196,2026-03-08,×,
197,2026-03-08,×,
198,2026-03-08,△,
199,2026-03-08,×,
200,2026-03-08,×,
201,2026-03-11,×,
202,2026-03-11,△,
203,2026-03-12,×,
204,2026-03-12,×,
205,2026-03-12,△,
206,2026-03-12,×,
207,2026-03-12,×,
208,2026-03-15,×,
209,2026-03-15,×,
210,2026-03-15,×,
211,2026-03-15,×,
212,2026-03-15,×,
213,2026-03-21,×,
214,2026-03-21,×,
215,2026-03-21,×,
216,2026-03-21,×,
217,2026-03-21,×,
218,2026-03-21,×,
219,2026-03-21,△,
220,2026-03-22,×,
221,2026-03-22,×,
222,2026-03-22,△,
223,2026-03-22,△,
224,2026-04-17,×,
225,2026-04-17,×,
226,2026-04-17,×,
227,2026-04-17,×,
228,2026-04-17,×,
229,2026-04-17,×,
230,2026-04-17,×,
231,2026-04-17,×,
232,2026-04-17,×,
233,2026-04-17,×,
234,2026-04-17,×,
235,2026-04-17,×,
236,2026-04-17,×,
237,2026-04-17,×,
238,2026-04-17,×,
239,2026-04-17,×,
240,2026-04-17,×,
241,2026-04-17,×,
242,2026-04-17,×,
243,2026-04-17,×,
244,2026-04-17,×,
245,2026-04-17,×,
246,2026-04-17,×,
247,2026-04-17,×,
248,2026-04-17,×,
249,2026-04-17,×,
250,2026-04-17,×,
251,2026-04-17,×,
252,2026-04-17,×,
253,2026-04-17,×,
254,2026-04-17,×,
255,2026-04-17,×,
256,2026-04-17,×,
257,2026-04-17,×,
258,2026-04-17,×,
259,2026-04-17,×,
260,2026-04-17,×,
261,2026-04-17,×,
262,2026-04-17,×,名誉棄損要理解
263,2026-04-17,×,
264,,,
265,,,
266,,,
267,,,
268,,,
269,,,
270,,,
271,,,
272,,,
273,,,
274,,,
275,,,
276,,,
277,,,
278,,,
279,,,
280,,,
281,,,
282,,,
283,,,
284,,,
285,,,
286,,,
287,,,
288,,,
289,,,
290,,,
291,,,
292,,,
293,,,
294,,,
295,,,
296,,,
297,,,
298,,,
299,,,
300,,,
301,,,
302,,,
303,,,
304,,,
305,,,
306,,,
307,,,
308,,,
309,,,
310,,,
311,,,
312,,,
313,,,
314,,,
315,,,
316,,,
317,,,
318,,,
319,,,
320,,,
321,,,
322,,,
323,,,
324,,,
325,,,
326,,,
327,,,
328,,,
329,,,
330,,,
331,,,
332,,,
333,,,
334,,,
335,,,
336,,,
337,,,
338,,,
339,,,
340,,,
341,,,
342,,,
343,,,
344,,,
345,,,
346,,,
347,,,
348,,,
349,,,
350,,,
351,,,
352,,,
353,,,
354,,,
355,,,
356,,,
357,,,
358,,,
359,,,
360,,,
361,,,
362,,,
363,,,
364,,,
365,,,
366,,,
367,,,
368,,,
369,,,
370,,,
371,,,
372,,,
373,,,
374,,,
375,,,
376,,,
377,,,
378,,,
379,,,
380,,,
381,,,
382,,,
383,,,
384,,,
385,,,
386,,,
387,,,
388,,,
389,,,
390,,,
391,,,
392,,,
393,,,
394,,,
395,,,
396,,,
397,,,
398,,,
399,,,
400,,,
401,,,
402,,,
403,,,
404,,,
405,,,
406,,,
407,,,
408,,,
409,,,
410,,,
411,,,
412,,,
413,,,
414,,,
415,,,
416,,,
417,,,
418,,,
419,,,
420,,,
421,,,
422,,,
423,,,
424,,,
425,,,
426,,,
427,,,
428,,,
429,,,
430,,,
431,,,
432,,,
433,,,
434,,,
435,,,
436,,,
437,,,
438,,,
439,,,
440,,,
441,,,
442,,,
443,,,
444,,,
445,,,
